name,email,gender
Heidi,hsuggitt0@google.fr,Female
Aleksandr,apostill1@gmpg.org,Male
Debee,delkington2@va.gov,Female
Olga,orock3@imdb.com,Female
Esme,echarlo4@hc360.com,Female
Alf,agooley5@sina.com.cn,Male
Amby,abartels6@squidoo.com,Male
Ebba,ecraggs7@scribd.com,Female
Wren,wkingswood8@bloglovin.com,Female
Sashenka,santonnikov9@soundcloud.com,Female
Hillary,hcovendona@wsj.com,Male
Lezley,lkhominb@yandex.ru,Male
Crosby,cgaitungc@forbes.com,Male
Orelie,omeaderd@virginia.edu,Female
Dannie,dkoppele@hhs.gov,Male
Bertrand,bhowgillf@gizmodo.com,Male
Dannel,droang@alexa.com,Male
Emile,evousdenh@google.es,Male
Enos,erubinshteini@soundcloud.com,Male
Codie,cgrasnerj@tinypic.com,Male
Lonnard,lstrewtherk@google.pl,Male
Georgeanne,grobertil@oracle.com,Female
Gerda,gwarhurstm@paypal.com,Female
Leontyne,lbriggen@abc.net.au,Female
Holmes,htotmano@nationalgeographic.com,Male
Janela,jbardillp@slate.com,Female
Karena,ksirrq@google.com.hk,Female
Margaretta,mmccroaryr@google.it,Female
Audre,adowdles@mail.ru,Female
Craig,cpallet@soup.io,Male
Rowan,rdrustu@forbes.com,Male
Jackquelin,jenrigov@sina.com.cn,Female
Val,vdayew@tripadvisor.com,Female
Hayyim,hedgellx@liveinternet.ru,Male
Shayna,sbrandley@amazonaws.com,Female
Darb,djimenezz@slate.com,Male
Lanna,lmacdiarmid10@businessinsider.com,Female
Grayce,gklain11@amazon.co.jp,Female
Saraann,sfippe12@wordpress.com,Female
Aubree,abunney13@shinystat.com,Female
Aloysius,awhiteman14@ftc.gov,Male
Georgie,gtroughton15@washingtonpost.com,Male
Barbi,bhatherell16@spotify.com,Female
Heather,hisaksen17@biglobe.ne.jp,Female
Lucien,lwestwood18@privacy.gov.au,Male
Thedric,tfurby19@ebay.co.uk,Male
Asa,avere1a@bravesites.com,Male
Peadar,pcamplejohn1b@wikispaces.com,Male
Thalia,tpentony1c@webnode.com,Female
Abe,aeaton1d@wikispaces.com,Male
Leicester,lsarsfield1e@desdev.cn,Male
Almeta,aniese1f@google.ru,Female
Bethena,bpatesel1g@ucoz.ru,Female
Spenser,swillbraham1h@furl.net,Male
Bealle,bnoke1i@boston.com,Male
Rosaline,rdrakers1j@jalbum.net,Female
Jim,jmcelory1k@tripadvisor.com,Male
Rupert,rstack1l@admin.ch,Male
Madeline,mpropper1m@stanford.edu,Female
Edvard,emcgauhy1n@mapquest.com,Male
Karola,korans1o@mapy.cz,Female
Michele,mlewsey1p@networksolutions.com,Female
Noel,nivanikov1q@latimes.com,Male
Bellina,bbosdet1r@dmoz.org,Female
Tilda,tchezier1s@photobucket.com,Female
Barr,bbruntjen1t@bizjournals.com,Male
Adolphe,akieff1u@infoseek.co.jp,Male
Adolphus,aduggon1v@netlog.com,Male
Corina,chaining1w@about.me,Female
Ker,kchate1x@epa.gov,Male
Lazarus,lsaby1y@list-manage.com,Male
Cody,civeans1z@rambler.ru,Female
Daryl,dswannick20@arizona.edu,Male
Dotty,ddwelling21@ebay.co.uk,Female
Broderick,barnowicz22@cafepress.com,Male
John,jcommander23@istockphoto.com,Male
Sholom,spinnegar24@dedecms.com,Male
Catie,cswyn25@woothemes.com,Female
Antony,amielnik26@dell.com,Male
Danya,dbansal27@jalbum.net,Male
Terence,tfinan28@nydailynews.com,Male
Olga,osprigings29@reference.com,Female
Gaultiero,gulyet2a@ow.ly,Male
Ric,rree2b@foxnews.com,Male
Wilma,whaacker2c@epa.gov,Female
Manolo,mastall2d@miitbeian.gov.cn,Male
Sancho,slohde2e@wikipedia.org,Male
Ignace,ifranzewitch2f@netscape.com,Male
Yule,ysidaway2g@prnewswire.com,Male
Alyce,aundrell2h@meetup.com,Female
Kyla,kparsand2i@imgur.com,Female
Margalo,mtreleven2j@printfriendly.com,Female
Perry,pgoldney2k@buzzfeed.com,Male
Cristiano,cbodle2l@mlb.com,Male
Hestia,hhallums2m@earthlink.net,Female
Nesta,nfawdrie2n@fema.gov,Female
Hildegarde,hraimbauld2o@blog.com,Female
Meaghan,mgayforth2p@example.com,Female
Quinn,qbines2q@yale.edu,Female
Mady,mhayer2r@prlog.org,Female
Tobey,tmcmickan2s@businessinsider.com,Female
Gideon,gsealey2t@imgur.com,Male
Dorey,dsandeson2u@admin.ch,Female
Dov,ddumingos2v@vkontakte.ru,Male
Rodge,rseneschal2w@census.gov,Male
Malva,mstoner2x@omniture.com,Female
Arabela,aseckington2y@pbs.org,Female
Tanny,thaps2z@weebly.com,Male
Pablo,pwistance30@opera.com,Male
Myrvyn,mhabron31@sciencedirect.com,Male
Sterling,srochell32@state.gov,Male
Shalne,skettlestringe33@archive.org,Female
Ethyl,eungerecht34@1688.com,Female
Anton,aaven35@icq.com,Male
Maggy,mmacenzy36@printfriendly.com,Female
Doretta,dlangeren37@gnu.org,Female
Andre,akrzysztofiak38@pcworld.com,Male
Shepherd,sjaan39@usnews.com,Male
Ainslie,apatterfield3a@icq.com,Female
Conni,chintzer3b@hibu.com,Female
Dareen,dnaismith3c@freewebs.com,Female
Dunstan,dpassion3d@fotki.com,Male
Genevieve,gkinchley3e@ask.com,Female
Maximilian,mskeggs3f@dagondesign.com,Male
Ernaline,ereyburn3g@tiny.cc,Female
Vincenty,vtitman3h@umich.edu,Male
Alfreda,aowens3i@google.nl,Female
Danni,dbailes3j@csmonitor.com,Female
Mischa,mgrouer3k@weebly.com,Male
Neysa,nlidstone3l@qq.com,Female
Allison,arickersy3m@vkontakte.ru,Female
Ax,amorit3n@usda.gov,Male
Loretta,lkuschek3o@vinaora.com,Female
Sanson,sbambrough3p@apple.com,Male
Efrem,emylchreest3q@wordpress.com,Male
Kameko,khoulson3r@google.com.br,Female
Alvinia,acheng3s@nytimes.com,Female
Lem,ltrapp3t@smugmug.com,Male
Tana,tmctiernan3u@shareasale.com,Female
Tome,tsex3v@histats.com,Male
Genevieve,gmokes3w@spiegel.de,Female
Saleem,sbraidley3x@bloglines.com,Male
Dyann,dcheake3y@barnesandnoble.com,Female
Anna-diane,acrauford3z@cdbaby.com,Female
Etta,etruwert40@mozilla.com,Female
Danyette,dcossem41@ox.ac.uk,Female
Dulcine,dshambroke42@cloudflare.com,Female
Eustacia,eheed43@artisteer.com,Female
Monte,mitzig44@technorati.com,Male
Ashlee,achatterton45@nymag.com,Female
Davis,dchmiel46@nature.com,Male
Sidney,scumberlidge47@businessinsider.com,Male
Kara-lynn,kdurran48@51.la,Female
Marget,mschops49@behance.net,Female
Christoforo,ceynon4a@addtoany.com,Male
Reginald,rbony4b@si.edu,Male
Lorena,lblackler4c@paypal.com,Female
Adah,aklimek4d@utexas.edu,Female
Padraig,pharteley4e@princeton.edu,Male
Skye,sspirit4f@china.com.cn,Male
Solly,sblowing4g@phpbb.com,Male
Cole,croyall4h@xinhuanet.com,Male
Chelsea,cgluyus4i@live.com,Female
Selinda,simlock4j@imgur.com,Female
Sander,sizakoff4k@apache.org,Male
Yorgos,yfawkes4l@weibo.com,Male
Pat,ptraviss4m@yellowbook.com,Male
Christiane,clesley4n@hexun.com,Female
Amos,amatyushenko4o@pcworld.com,Male
George,gmatashkin4p@java.com,Male
Rica,rpetteford4q@army.mil,Female
Hoebart,hjezzard4r@privacy.gov.au,Male
Nevsa,ngeroldini4s@cbc.ca,Female
Winni,wtrehearne4t@histats.com,Female
Sheff,stal4u@yelp.com,Male
Piotr,praraty4v@netvibes.com,Male
Vernen,vgoodsell4w@blinklist.com,Male
Paulina,pcaisley4x@springer.com,Female
Harris,horigin4y@taobao.com,Male
Leon,lhamelyn4z@time.com,Male
Ulrike,usiemandl50@uol.com.br,Female
Sidonnie,sjohansson51@mysql.com,Female
Gertrudis,gtyas52@chron.com,Female
Willabella,wfreeth53@army.mil,Female
Huberto,hgarter54@slideshare.net,Male
Merry,matthow55@gnu.org,Male
Stavro,ssarge56@yolasite.com,Male
Ange,ahanhardt57@opera.com,Male
Cyrille,clillicrop58@quantcast.com,Male
Berna,bmacaskie59@apache.org,Female
Karla,kgillebert5a@adobe.com,Female
Fanchon,fclayson5b@taobao.com,Female
Keelby,klumsden5c@ca.gov,Male
Jonell,jposnette5d@mozilla.com,Female
Fabien,fcuddon5e@mtv.com,Male
Royce,rnardoni5f@ihg.com,Male
Fay,fjollie5g@constantcontact.com,Female
Andris,agodleman5h@freewebs.com,Male
Dion,dprue5i@google.nl,Male
Bennie,braoul5j@cyberchimps.com,Female
Wylma,wspeakman5k@icio.us,Female
Urson,unorth5l@free.fr,Male
Ravid,rcunrado5m@wordpress.org,Male
Cullan,cbreewood5n@t.co,Male
Bobina,bgiottoi5o@un.org,Female
Avery,aboulde5p@163.com,Male
Jemima,jfrise5q@cnn.com,Female
Aridatha,awoollhead5r@statcounter.com,Female
Harri,hwilley5s@furl.net,Female
Worden,wdunbabin5t@sakura.ne.jp,Male
Napoleon,nfreeborn5u@hubpages.com,Male
Grange,gcawthron5v@netscape.com,Male
Kincaid,ksteiner5w@github.io,Male
Sanderson,sraggatt5x@tuttocitta.it,Male
Ewart,evouls5y@ca.gov,Male
Nat,nphonix5z@howstuffworks.com,Female
Galen,gromain60@g.co,Male
Nicky,ndominelli61@stumbleupon.com,Female
Noak,nlorand62@zimbio.com,Male
Aubert,acaskey63@ted.com,Male
Roarke,rugoletti64@barnesandnoble.com,Male
Ermengarde,ezanettini65@ihg.com,Female
Tally,trudolf66@facebook.com,Female
Halli,hticic67@webmd.com,Female
Justen,jbaddoe68@shop-pro.jp,Male
Reeva,risaksson69@blogtalkradio.com,Female
Gardiner,gcastellini6a@ebay.co.uk,Male
Emilie,ekenaway6b@mashable.com,Female
Thomas,thillan6c@theguardian.com,Male
Lisle,lhallt6d@mysql.com,Male
Gualterio,gsiveter6e@marriott.com,Male
Reese,rpaute6f@purevolume.com,Male
Beryl,bscandred6g@columbia.edu,Female
Rebecka,rbenford6h@theglobeandmail.com,Female
Powell,pdibiasi6i@mac.com,Male
Davon,dhumby6j@ucsd.edu,Male
Gerry,gsapson6k@cbslocal.com,Female
Allsun,araggitt6l@163.com,Female
Reeva,rbroddle6m@csmonitor.com,Female
Ede,emarklin6n@bigcartel.com,Female
Rees,rleppingwell6o@chronoengine.com,Male
Kory,kmetson6p@issuu.com,Male
Colleen,ccrohan6q@si.edu,Female
Remus,rgollard6r@addtoany.com,Male
Terence,tcobson6s@fda.gov,Male
Myrvyn,mdantonio6t@cbc.ca,Male
Terra,tsein6u@washingtonpost.com,Female
Galina,gferry6v@unblog.fr,Female
Barney,bwescott6w@chron.com,Male
Kimberlee,kstrewthers6x@economist.com,Female
Chrisy,ctaffurelli6y@google.es,Male
Marget,msisneros6z@tinypic.com,Female
Enid,evellacott70@ustream.tv,Female
Margaret,mmungham71@nymag.com,Female
Spence,smarwick72@npr.org,Male
Meggie,mbaskwell73@facebook.com,Female
Gwynne,givankov74@example.com,Female
Delmar,dscarce75@tripod.com,Male
Demetris,doulet76@slashdot.org,Male
Martguerita,mcassie77@gov.uk,Female
Lucas,lbretton78@cyberchimps.com,Male
Flor,fdicken79@opensource.org,Female
Ewell,efahy7a@senate.gov,Male
Kalvin,kaymeric7b@addthis.com,Male
Nicolette,nondricek7c@bloglovin.com,Female
Michaeline,mantonomoli7d@last.fm,Female
Arlen,atomczynski7e@umich.edu,Female
Patti,plumbly7f@vkontakte.ru,Female
Ardeen,anono7g@opera.com,Female
Braden,bmccloy7h@hc360.com,Male
Alfredo,alevett7i@un.org,Male
Tarrance,thannon7j@de.vu,Male
Trixie,tshoreman7k@4shared.com,Female
Kalina,knason7l@last.fm,Female
Artus,ahannam7m@forbes.com,Male
Isaak,ikoppen7n@craigslist.org,Male
Alvan,ahodge7o@geocities.jp,Male
Sibylle,sstillwell7p@tmall.com,Female
Editha,elapidus7q@aol.com,Female
Corri,carchibald7r@hibu.com,Female
Katie,kgerhartz7s@desdev.cn,Female
Randie,rmartinie7t@techcrunch.com,Male
Brynn,bhamner7u@reverbnation.com,Female
Lawry,lcrome7v@ocn.ne.jp,Male
Ofelia,oshaudfurth7w@devhub.com,Female
Madel,mdunthorn7x@topsy.com,Female
Libbey,lbroke7y@dion.ne.jp,Female
Cathryn,cmacalpyne7z@cafepress.com,Female
Olia,ofahy80@1688.com,Female
Gabe,ghauger81@addthis.com,Male
Harbert,hhenkmann82@cmu.edu,Male
Bamby,bgartery83@nationalgeographic.com,Female
Gardner,grougier84@4shared.com,Male
Wallace,wtipling85@dion.ne.jp,Male
Ann,avoules86@latimes.com,Female
Corbin,csellman87@shareasale.com,Male
Gerhard,ggreader88@omniture.com,Male
Ad,adutton89@wikimedia.org,Male
Neville,nhatwell8a@cocolog-nifty.com,Male
Beverly,babel8b@scientificamerican.com,Female
Brew,bsackey8c@admin.ch,Male
Hamnet,hairton8d@altervista.org,Male
Florance,fornelas8e@fotki.com,Female
Lesley,lohenehan8f@bbb.org,Male
Tedd,trockhill8g@moonfruit.com,Male
Morgen,msurcombe8h@usgs.gov,Female
Shurwood,shamman8i@tripadvisor.com,Male
Kristoffer,ksander8j@earthlink.net,Male
Dov,dboyan8k@seesaa.net,Male
Ronny,rtuffley8l@nasa.gov,Female
Silvain,spersent8m@ucoz.com,Male
Parker,pbondesen8n@noaa.gov,Male
Idaline,ijarrold8o@home.pl,Female
Fulton,fdurnian8p@sina.com.cn,Male
Mayor,mpaton8q@google.com.au,Male
Jessika,jmiddlewick8r@statcounter.com,Female
Lira,lmattaus8s@wsj.com,Female
Ulrica,ugreenroyd8t@gizmodo.com,Female
Maura,mvasse8u@soup.io,Female
Christy,cleedes8v@feedburner.com,Female
Thorin,twarham8w@hhs.gov,Male
Rosalie,rlarkby8x@google.ca,Female
Antonina,aferrarone8y@time.com,Female
Fawn,forrill8z@51.la,Female
Gabie,gslowgrove90@friendfeed.com,Male
Karon,kmendoza91@timesonline.co.uk,Female
Timi,tglanville92@123-reg.co.uk,Female
Halsy,hmagill93@friendfeed.com,Male
Walt,wtack94@unc.edu,Male
Bearnard,bgeorg95@eventbrite.com,Male
Charmain,ccraney96@npr.org,Female
Marje,mlarby97@noaa.gov,Female
Mayor,mculmer98@apple.com,Male
Cleavland,csamuel99@google.ca,Male
Mag,mattard9a@narod.ru,Female
Linda,lclemenson9b@stanford.edu,Female
Abigael,abadrock9c@ow.ly,Female
Hortensia,hbenner9d@amazon.co.uk,Female
Bernardina,bmckeller9e@businessweek.com,Female
Wood,wtarver9f@artisteer.com,Male
Arleen,afabry9g@networksolutions.com,Female
Simon,strahear9h@springer.com,Male
Kass,khasney9i@cbc.ca,Female
Charla,charrisson9j@quantcast.com,Female
Audie,ainde9k@nasa.gov,Female
Rafferty,rbunclark9l@google.it,Male
Dimitri,dmclugaish9m@usda.gov,Male
Dalli,dcauson9n@webs.com,Male
Graham,genderson9o@amazon.com,Male
Ferrell,fandries9p@telegraph.co.uk,Male
Garik,gteal9q@nhs.uk,Male
Mildred,mglazer9r@feedburner.com,Female
Wendi,wparffrey9s@unesco.org,Female
Selma,sgottschalk9t@xinhuanet.com,Female
Frasquito,fglanz9u@marriott.com,Male
Brunhilde,bcalcutt9v@answers.com,Female
Lisette,lfrake9w@deviantart.com,Female
Michal,minnett9x@irs.gov,Female
Krisha,kexley9y@linkedin.com,Male
Ines,ibrewett9z@yellowbook.com,Female
Eldon,esteinhammera0@slideshare.net,Male
Kaja,kmurrhardta1@spiegel.de,Female
Dona,djasiaka2@seattletimes.com,Female
Inger,iarondela3@sciencedaily.com,Male
Luisa,lkermotta4@163.com,Female
Augustus,apaschoa5@boston.com,Male
Elfreda,emcauslanda6@home.pl,Female
Baudoin,bhefferona7@ezinearticles.com,Male
Gwynne,gleyninyea8@cyberchimps.com,Female
Nico,nbatchelora9@virginia.edu,Male
Petrina,prousaa@wordpress.org,Female
Ciro,callderidgeab@ameblo.jp,Male
Melisandra,mpancastac@oaic.gov.au,Female
Vivienne,vdeavillead@abc.net.au,Female
Zaria,zspurettae@hp.com,Female
Kimmie,kogleaf@illinois.edu,Female
Jolee,jferraresiag@cloudflare.com,Female
Nomi,nhardmanah@mozilla.com,Female
Darius,dwanekai@sogou.com,Male
Joshuah,jfattoriniaj@ycombinator.com,Male
Alvera,aquesteak@i2i.jp,Female
Hagen,hcakebreadal@epa.gov,Male
Katrina,ktiebeam@skype.com,Female
Roseann,rsextian@acquirethisname.com,Female
Theobald,tnasheao@toplist.cz,Male
Leroy,lyegorovninap@cbc.ca,Male
Julissa,jcastiglioniaq@hibu.com,Female
Christal,chargatear@slate.com,Female
Devi,driseboroughas@usnews.com,Female
Tedd,todeoranat@tripod.com,Male
Colet,cbrooksau@goo.gl,Male
Kaycee,kbaynhamav@tinypic.com,Female
Winfield,wquarlesaw@soundcloud.com,Male
Khalil,kapplefordax@ihg.com,Male
Gloriane,gvanacciay@netscape.com,Female
Merell,mgraffhamaz@newyorker.com,Male
Waneta,wmalloyb0@narod.ru,Female
Barclay,bargob1@blog.com,Male
Dorothee,dgrocottb2@latimes.com,Female
Nicholle,nbocklerb3@reverbnation.com,Female
Parrnell,pleestutb4@github.com,Male
Douglas,dgorsseb5@tripod.com,Male
Alexi,aenzleyb6@netvibes.com,Female
Raimundo,rstutteb7@cbsnews.com,Male
Corella,cpallasb8@studiopress.com,Female
Gaye,gphilipb9@xrea.com,Female
Laure,lbosmaba@4shared.com,Female
Alanson,afeavyourbb@home.pl,Male
Marget,mstonhewerbc@printfriendly.com,Female
Bendite,bbellangerbd@topsy.com,Female
Olympia,oubachbe@facebook.com,Female
Mordy,mcawoodbf@ox.ac.uk,Male
Evelyn,ecroydonbg@opensource.org,Male
Nicolai,nhottonbh@unblog.fr,Male
Orazio,omastertonbi@soundcloud.com,Male
Esteban,elusheybj@cnbc.com,Male
Stella,smarvelleybk@who.int,Female
Sax,scotterillbl@weebly.com,Male
Merrill,mcastledinebm@booking.com,Female
Selig,smyrkusbn@samsung.com,Male
Sutherlan,scastrobo@edublogs.org,Male
Dionisio,dpackwoodbp@weibo.com,Male
Burlie,bbynethbq@tmall.com,Male
Deane,dpaleybr@loc.gov,Male
Ivor,iaslettbs@telegraph.co.uk,Male
Boy,bfarresbt@skype.com,Male
My,madolfsenbu@yahoo.co.jp,Male
Farrand,fseebertbv@wikispaces.com,Female
Joanna,jtunnacliffebw@whitehouse.gov,Female
Caprice,challowesbx@twitpic.com,Female
Ruttger,rdawtreby@is.gd,Male
Lucais,lblinderbz@paginegialle.it,Male
Dennie,dcordeletc0@dyndns.org,Male
Theda,transcombc1@tinypic.com,Female
Charleen,crostonc2@nasa.gov,Female
Barbabra,bmckelviec3@state.gov,Female
Gan,gwieprechtc4@hao123.com,Male
Daron,dsweetlandc5@cmu.edu,Male
Brad,bgergerc6@prlog.org,Male
Josselyn,jgirardezc7@independent.co.uk,Female
Marcelia,maharonic8@i2i.jp,Female
Darsie,dsweetenc9@godaddy.com,Female
Mariann,mpersehouseca@fotki.com,Female
Michaelina,mgallihaulkcb@wix.com,Female
Hedvige,hgilffillandcc@mit.edu,Female
Shirleen,senterleincd@livejournal.com,Female
Ronnie,rwinesce@linkedin.com,Male
Artemas,adevoielscf@github.com,Male
Willamina,wjemmettcg@biglobe.ne.jp,Female
Amie,amacilhaggach@elpais.com,Female
Delbert,dcharlsonci@barnesandnoble.com,Male
Hayward,hhabbalcj@cnet.com,Male
Maisey,mbradfordck@spotify.com,Female
Ingamar,iemelinecl@123-reg.co.uk,Male
Budd,bpimlettcm@princeton.edu,Male
Kean,kpetkovcn@hp.com,Male
Edmon,eblandfordco@usa.gov,Male
Wynnie,wsomerfieldcp@nbcnews.com,Female
Davidde,dlaurentycq@wisc.edu,Male
Lavinia,lmorgoncr@yellowbook.com,Female
Fredra,fclemenconcs@gmpg.org,Female
Sandye,somondct@paginegialle.it,Female
Demetre,dpattisoncu@irs.gov,Male
Ruthe,rwallscv@cocolog-nifty.com,Female
Horacio,hbrimilcombecw@nymag.com,Male
Jeanna,jediscx@samsung.com,Female
Noell,npappincy@sciencedaily.com,Female
Hedwig,hlappingcz@w3.org,Female
Elias,eguittond0@vimeo.com,Male
Lowell,llapidesd1@adobe.com,Male
Virginie,vcrayked2@nydailynews.com,Female
Corrine,crattd3@huffingtonpost.com,Female
Ferdy,faldersleyd4@biblegateway.com,Male
Boot,bgladyerd5@bing.com,Male
Susan,spinkd6@squidoo.com,Female
Thadeus,tbellringerd7@indiatimes.com,Male
Torr,twrittled8@163.com,Male
Sanderson,sbrentond9@nytimes.com,Male
Xever,xfomichkinda@google.de,Male
Darb,ddurdledb@yelp.com,Male
Clementia,cklimptdc@homestead.com,Female
Aurel,akeymerdd@bravesites.com,Female
Raquel,rleindeckerde@theatlantic.com,Female
Salomone,syvendf@cnet.com,Male
Chauncey,cfulldg@mtv.com,Male
Peg,pkitchersidedh@ocn.ne.jp,Female
Dona,dludmanndi@amazon.co.uk,Female
Carlita,cbrattdj@cmu.edu,Female
Karylin,kjaslemdk@guardian.co.uk,Female
Bettye,bburgnedl@economist.com,Female
Maressa,msmaildm@prlog.org,Female
Kaycee,kperseydn@liveinternet.ru,Female
Winnie,warondo@ucsd.edu,Male
Rafi,rchasneydp@constantcontact.com,Male
Conant,ctruswelldq@admin.ch,Male
Janot,jgrasdr@comsenz.com,Female
Baldwin,bcornelsds@yelp.com,Male
Sherwin,swillertondt@163.com,Male
Derk,dsimmondsdu@youtu.be,Male
Farra,ffulledv@pcworld.com,Female
Markus,mgorlingdw@friendfeed.com,Male
Freddie,fszimonidx@canalblog.com,Female
Woodman,wcrotchdy@youtube.com,Male
Gaye,gpulhamdz@multiply.com,Female
Marrilee,mdunkerlye0@bbb.org,Female
Merridie,mwalstere1@myspace.com,Female
Perle,psimenone2@over-blog.com,Female
Brew,bcromiee3@tinyurl.com,Male
Else,esalterse4@goo.gl,Female
Jelene,jbrannone5@is.gd,Female
Fabe,fabramskie6@mayoclinic.com,Male
Malorie,mwalkingtone7@livejournal.com,Female
Estevan,erobbele8@e-recht24.de,Male
Kriste,kkennealye9@usa.gov,Female
Kathie,kboldtea@amazon.com,Female
Derk,dvesqueeb@alexa.com,Male
Channa,cdevlinec@guardian.co.uk,Female
Nefen,nserjeantsoned@elpais.com,Male
Chuck,clangrishee@bloglovin.com,Male
Farrell,fportugalef@sitemeter.com,Male
Beniamino,bdowsoneg@pen.io,Male
Merle,mraddisheh@earthlink.net,Male
Cathe,clorandei@ft.com,Female
Micheil,mtewkesberryej@cornell.edu,Male
Anna-maria,abollamek@ft.com,Female
Abbey,aperdueel@i2i.jp,Male
Ninetta,nwilbudem@bbc.co.uk,Female
Winthrop,wwhittamen@smh.com.au,Male
Conway,ckienzleeo@gravatar.com,Male
Junina,jbonallackep@ovh.net,Female
Beatriz,bboolseq@joomla.org,Female
Willey,wtomicher@un.org,Male
Bibbie,bchitteyes@cdbaby.com,Female
Wanids,woverthrowet@scribd.com,Female
Isidore,ilanphiereu@freewebs.com,Male
Kev,kcavilev@harvard.edu,Male
Ignazio,ibolderstoneew@dot.gov,Male
Ibrahim,imucklowex@yale.edu,Male
Riordan,roxburyey@godaddy.com,Male
Peder,pmoquinez@multiply.com,Male
Heda,hoverillf0@domainmarket.com,Female
Esma,edjakovicf1@accuweather.com,Female
Enos,enowlanf2@cam.ac.uk,Male
Page,pburghillf3@freewebs.com,Male
Sandra,sbruinsmaf4@nytimes.com,Female
Blanca,bperazzof5@usatoday.com,Female
Read,ryoudf6@topsy.com,Male
Sadella,sskerrittf7@biglobe.ne.jp,Female
Josephine,jconsadinef8@marketwatch.com,Female
Silvanus,sdonlonf9@huffingtonpost.com,Male
Jacquenette,jrottefa@acquirethisname.com,Female
Nerty,nhuorticfb@cornell.edu,Female
Nelle,nclarkfc@nationalgeographic.com,Female
Ellyn,efreebornefd@eepurl.com,Female
Dacia,dluebbertfe@last.fm,Female
Farica,fupstoneff@google.it,Female
Mary,mstegersfg@latimes.com,Female
Bordy,bruckfh@sfgate.com,Male
Sonny,sglackenfi@nsw.gov.au,Female
Cordelia,cdavidovichfj@cdbaby.com,Female
Ardith,aemelinefk@ovh.net,Female
Dalli,dbaserfl@weebly.com,Male
Lorne,lorodanefm@alibaba.com,Male
Alysa,aashbornfn@ted.com,Female
Gerda,gsailfo@webnode.com,Female
Rodger,rhillattfp@admin.ch,Male
Arney,adoidgefq@barnesandnoble.com,Male
Wilbur,wcutressfr@jimdo.com,Male
Ezri,ehowittfs@ebay.com,Male
Elbert,eluesleyft@ucoz.ru,Male
Saree,sraefu@nih.gov,Female
Shirlene,sacresfv@mac.com,Female
Mateo,mvanyakinfw@domainmarket.com,Male
Leigh,ledyfx@hostgator.com,Female
Osmond,ojamotfy@bandcamp.com,Male
Irvin,ipierpointfz@jigsy.com,Male
Siobhan,smccarterg0@imgur.com,Female
Bail,bocooneyg1@sakura.ne.jp,Male
Killian,krenaultg2@icq.com,Male
Veronika,vcromblehomeg3@wufoo.com,Female
Kitty,kspridgeong4@deviantart.com,Female
Jerrine,jdurransg5@themeforest.net,Female
Wrennie,wvalenssmithg6@umn.edu,Female
Ninnette,nhollebong7@ovh.net,Female
Gearard,gadamog8@behance.net,Male
Hartley,hbradnockg9@cyberchimps.com,Male
Berke,bticicga@t-online.de,Male
Ruy,rgrebnergb@flickr.com,Male
Prudy,pvernegc@paginegialle.it,Female
Vinnie,vchastelaingd@ehow.com,Male
Anitra,adiemerge@wired.com,Female
Antonetta,ashorttgf@dedecms.com,Female
Davin,dseebrightgg@cocolog-nifty.com,Male
Kai,kmacshirriegh@icio.us,Female
Netti,ngoodallgi@spotify.com,Female
Elnore,eeversgj@house.gov,Female
Muhammad,mmoorrudgk@ustream.tv,Male
Bee,bhitchensgl@answers.com,Female
Vallie,vpollastrinogm@zimbio.com,Female
Bennie,bfynngn@boston.com,Male
Frans,fvonsalzberggo@harvard.edu,Male
Madge,mbrandsgp@privacy.gov.au,Female
Lew,ltynemouthgq@com.com,Male
Ericha,efilipputtigr@home.pl,Female
Perry,pswainstongs@typepad.com,Male
Myra,mrablangt@geocities.com,Female
Fair,fdunngu@eventbrite.com,Male
Chrissie,cchesegv@parallels.com,Female
Bruno,bhertwellgw@vkontakte.ru,Male
Xena,xhatherillgx@admin.ch,Female
Carissa,cdingsdalegy@ebay.co.uk,Female
Jourdain,jleeuwerinkgz@dropbox.com,Male
Sibilla,smartineauh0@stumbleupon.com,Female
Annabella,anipperh1@purevolume.com,Female
Robbie,rpatesh2@techcrunch.com,Male
Hadria,htomaelloh3@fema.gov,Female
Micheal,mshirleyh4@telegraph.co.uk,Male
Genna,gmusterdh5@mapy.cz,Female
Hollyanne,hbarthruph6@surveymonkey.com,Female
Tris,tardlingh7@upenn.edu,Male
Thom,tryanh8@linkedin.com,Male
Allister,agilyotth9@dedecms.com,Male
Marylinda,mcarrha@patch.com,Female
Leora,lwinstonehb@princeton.edu,Female
Brose,bmuffhc@timesonline.co.uk,Male
Conn,cjaegarhd@deviantart.com,Male
Hertha,hsiredhe@washington.edu,Female
Juanita,jballhf@cocolog-nifty.com,Female
Becca,bbawcockhg@chron.com,Female
Arleen,atawsehh@vistaprint.com,Female
Annis,adodgsonhi@1688.com,Female
Christos,caldredhj@nationalgeographic.com,Male
Chlo,cnussgenhk@google.it,Female
Dorette,dcloneyhl@oakley.com,Female
Douglas,dwilcockeshm@elpais.com,Male
Mella,mtomkinsonhn@washington.edu,Female
Laurie,lmullaneho@toplist.cz,Male
Rutherford,rroyallhp@huffingtonpost.com,Male
Pauly,pfowlshq@google.it,Female
Tressa,twoofendenhr@oaic.gov.au,Female
Wilmette,wprigghs@jimdo.com,Female
Perceval,ptrumperht@lycos.com,Male
Dorothee,ddunmorehu@exblog.jp,Female
Antoinette,aadnethv@is.gd,Female
Ches,cgannanhw@live.com,Male
Vince,vhinchonhx@dell.com,Male
Kerri,kranyellhy@usa.gov,Female
Eb,epenhearowhz@smh.com.au,Male
Lynn,lberthomieri0@jigsy.com,Female
Kelsy,kmcclintoni1@japanpost.jp,Female
Wanda,wcuretoni2@alibaba.com,Female
Raynell,rlafayei3@dmoz.org,Female
Luca,lecobi4@rambler.ru,Male
Sholom,sziehmi5@etsy.com,Male
Chicky,crocksi6@squidoo.com,Female
Celine,cfurmingeri7@ed.gov,Female
Demetre,ddesremediosi8@163.com,Male
Marget,mcoolei9@youtu.be,Female
Cassie,cmatteacciia@stanford.edu,Female
Nara,nchetwyndib@quantcast.com,Female
Maddy,mhammettic@ebay.co.uk,Male
Selinda,smccullumid@lulu.com,Female
Rudy,rsesonsie@kickstarter.com,Male
Isadore,ishillittoif@google.es,Male
Scot,smalpasig@linkedin.com,Male
Maighdiln,mkenenih@moonfruit.com,Female
Cindee,cmcalindenii@bbc.co.uk,Female
Maegan,mfahrenbacherij@sciencedirect.com,Female
Marchelle,mswatonik@ehow.com,Female
Cristabel,cbussonil@marriott.com,Female
Skippie,sbraccoim@sohu.com,Male
Clevey,cmacwhanin@oaic.gov.au,Male
Fayre,fewellio@va.gov,Female
Rock,rdinsaleip@house.gov,Male
Giacopo,gbyrdiq@upenn.edu,Male
Currie,cgoodereir@gnu.org,Male
Raquel,rmahaddieis@yellowbook.com,Female
Mellisent,mklaiserit@netlog.com,Female
Bartel,bgiorgielliiu@uiuc.edu,Male
Sheree,sallchiniv@theguardian.com,Female
Cheri,cstaitiw@tamu.edu,Female
Jojo,jwongix@lulu.com,Female
Catie,cbarkasiy@facebook.com,Female
Alfred,arignoldesiz@cyberchimps.com,Male
Chandal,czecchij0@moonfruit.com,Female
Page,ptillej1@icq.com,Male
Sena,sledfordj2@ucoz.ru,Female
Elvyn,estopfordj3@sciencedaily.com,Male
Jerald,jfarquarj4@bing.com,Male
Lucho,lvarnamj5@g.co,Male
Raimundo,rjanseyj6@eventbrite.com,Male
Ashley,abroadberryj7@mtv.com,Male
Tobit,twaitj8@naver.com,Male
Shurlocke,snickellj9@symantec.com,Male
Pierette,pwillicottja@squidoo.com,Female
Lotty,lwhiffjb@virginia.edu,Female
Corny,ccoulterjc@php.net,Male
Dael,dairthjd@intel.com,Male
Gae,gcharnickje@opensource.org,Female
Orelie,otroutjf@abc.net.au,Female
Patti,plequesnejg@guardian.co.uk,Female
Nils,nstorckjh@blogtalkradio.com,Male
Teodoor,tdogetji@cnbc.com,Male
Ysabel,ygetleyjj@phoca.cz,Female
Falito,fknoblejk@joomla.org,Male
Krishna,ktabaryjl@msn.com,Male
Humfrid,hbyartjm@sogou.com,Male
Barbara-anne,beardjn@unblog.fr,Female
Bev,bdumbletonjo@ask.com,Male
Carlene,cpeytojp@privacy.gov.au,Female
Valli,vbroadburyjq@1und1.de,Female
Florance,fbonaviajr@amazon.de,Female
Delaney,dwhiteleyjs@canalblog.com,Male
Cullen,chourstonjt@timesonline.co.uk,Male
Emory,edavidoviciju@php.net,Male
Ann-marie,alopejv@hc360.com,Female
Gus,glethbyjw@nytimes.com,Female
Reyna,rwozencroftjx@youtube.com,Female
Austin,aiwanowskijy@cnet.com,Female
Mariska,mdunguyjz@fotki.com,Female
Gaspard,gcotterellk0@list-manage.com,Male
Ulrica,uyurtsevk1@1und1.de,Female
Claire,cmcveek2@diigo.com,Male
Rog,rlebarrek3@cbslocal.com,Male
Rorie,rarentk4@slate.com,Female
Devinne,dmanghamk5@rediff.com,Female
Lyndell,lscargillk6@forbes.com,Female
Marji,mcrossfieldk7@ustream.tv,Female
Pall,pbaskwellk8@tumblr.com,Male
Ceciley,cbotterellk9@dot.gov,Female
Tessy,tkarolowskika@fc2.com,Female
Joyous,jjudsonkb@netvibes.com,Female
Rebeka,rlindoreskc@meetup.com,Female
Flore,fschiementzkd@cnbc.com,Female
Clari,caimke@census.gov,Female
Randolph,rfiginkf@google.co.uk,Male
Nina,nsongistkg@stumbleupon.com,Female
Benny,bkillichkh@bbc.co.uk,Female
Carin,conionki@yahoo.co.jp,Female
Jeniffer,jstoakleykj@twitpic.com,Female
Monty,mlissandrinikk@qq.com,Male
Chrysler,cblankleykl@sohu.com,Female
Hamid,hstiverskm@cargocollective.com,Male
Janella,jjowlekn@whitehouse.gov,Female
Reuben,rgarhamko@twitter.com,Male
Maurise,mpefferkp@opensource.org,Female
Keelia,kpiellkq@kickstarter.com,Female
Bili,brubenkr@ning.com,Female
Nils,nfevierks@reuters.com,Male
Livvie,lbanfordkt@exblog.jp,Female
Paulie,pblundellku@cornell.edu,Male
Carmelle,cjeaycockkv@theglobeandmail.com,Female
Consalve,cburrilkw@dropbox.com,Male
Ragnar,rmacquirekx@reddit.com,Male
Onfre,oslimmonky@independent.co.uk,Male
Grannie,galbertkz@reverbnation.com,Male
Garry,ghayshaml0@csmonitor.com,Male
Gerrie,gscrowtonl1@moonfruit.com,Male
Beryle,bhymansl2@delicious.com,Female
Thedric,thurlesl3@nationalgeographic.com,Male
Gill,gheaffeyl4@ycombinator.com,Male
Liza,lchealesl5@xrea.com,Female
Aristotle,aacel6@webeden.co.uk,Male
Ibrahim,imasseol7@imdb.com,Male
Crosby,czmitrukl8@cnbc.com,Male
Abbye,ahundelll9@usnews.com,Female
Gery,gfolanla@cocolog-nifty.com,Male
Uta,uopdenorthlb@wiley.com,Female
Ferguson,ftipplerlc@slideshare.net,Male
Husein,hroskillyld@prlog.org,Male
Shamus,srefordle@smugmug.com,Male
Eugenie,ejedraslf@goo.gl,Female
Ruben,roheneghanlg@sciencedaily.com,Male
Eadie,efollilh@hostgator.com,Female
Marjy,mmaylinli@china.com.cn,Female
Felix,ftollerfieldlj@go.com,Male
Leslie,lkenneylk@google.it,Female
Haroun,hsaddingtonll@ted.com,Male
Donny,dturnelllm@ft.com,Male
Courtney,coatsln@goo.gl,Male
Mechelle,mgeorgelo@chronoengine.com,Female
Bren,bsinneylp@4shared.com,Male
Gabi,gkhilkovlq@japanpost.jp,Female
Brittani,bbridgelr@sina.com.cn,Female
Davidson,dcankettls@soundcloud.com,Male
Cam,cdacrelt@fema.gov,Male
Fowler,fboddamlu@skype.com,Male
Lannie,lmonellelv@cdbaby.com,Male
Archambault,amosebylw@people.com.cn,Male
Ofelia,owrennalllx@unicef.org,Female
Merrill,mbaughly@ox.ac.uk,Female
Madalena,mkeemslz@shop-pro.jp,Female
Darsey,dteatherm0@google.it,Female
Lazar,lgutmanm1@photobucket.com,Male
Ashli,apendleburym2@omniture.com,Female
Melany,mdumphym3@un.org,Female
Elsbeth,eantonettim4@sitemeter.com,Female
Maryjane,mvolkm5@amazon.de,Female
Melinde,mkarpenkom6@howstuffworks.com,Female
Angela,apentinm7@miitbeian.gov.cn,Female
Anselm,aricciardellim8@webs.com,Male
Gerti,geddisonm9@wiley.com,Female
Lexi,lmauvinma@clickbank.net,Female
Laraine,lsailormb@aol.com,Female
Anabal,aphilipetmc@bing.com,Female
Tara,tangovemd@hubpages.com,Female
Miner,mlewndenme@ucla.edu,Male
Martina,mcoalbranmf@illinois.edu,Female
Beverie,bheretymg@ow.ly,Female
Aileen,amcinnerymh@weebly.com,Female
Eugenia,epadmoremi@stanford.edu,Female
Phebe,pnicelymj@pcworld.com,Female
Rabi,rbistermk@google.nl,Male
Dav,dgillumml@google.pl,Male
Johnette,jmaddicksmm@topsy.com,Female
Burnaby,bgaylemn@barnesandnoble.com,Male
Thaxter,tgainsburymo@domainmarket.com,Male
Wells,wkleemp@nature.com,Male
Louise,lkolakovicmq@yelp.com,Female
Rosalinde,rmenicomr@youtube.com,Female
Sheryl,smcclaughlinms@1und1.de,Female
Jory,jbulbrookmt@bizjournals.com,Male
Baillie,bhollyardmu@indiegogo.com,Male
Mickie,mjoslingmv@oaic.gov.au,Male
Kata,kannwylmw@imgur.com,Female
Kristopher,kcasirolimx@theguardian.com,Male
Rachelle,rdittermy@tmall.com,Female
Ola,oaustingmz@ted.com,Female
Benedetto,bjordenn0@china.com.cn,Male
Rennie,rnieldn1@discovery.com,Female
Aaron,aspratlingn2@360.cn,Male
Cornela,ccottun3@netvibes.com,Female
Gerhardt,gerrettn4@usnews.com,Male
Jacquetta,jjimenezn5@51.la,Female
Desiree,dcrellinn6@ustream.tv,Female
Eduard,echatern7@reuters.com,Male
Barrett,bjanaszkiewiczn8@shinystat.com,Male
Charmine,ckenewelln9@slate.com,Female
Andrei,astansburyna@whitehouse.gov,Female
Ag,areynaldsnb@usatoday.com,Female
Rebekkah,rcarrivicknc@sakura.ne.jp,Female
Rickie,rwitherdennd@washingtonpost.com,Male
Herby,hdemongene@mozilla.org,Male
Avril,ayarrnf@youtube.com,Female
Salomi,swetheredng@tinypic.com,Female
Chloris,csimeoninh@columbia.edu,Female
Hillary,hsulterni@prnewswire.com,Male
Twila,tcleallnj@a8.net,Female
Emelyne,epollendinenk@newyorker.com,Female
Dre,dmickelwrightnl@sitemeter.com,Female
Tessi,tpythonnm@omniture.com,Female
Devin,dknoblenn@amazon.com,Female
Demetrius,dbrastedno@hc360.com,Male
Harriott,hkleebornnp@jigsy.com,Female
Stirling,sblazewicznq@cloudflare.com,Male
Karlik,kstationnr@msn.com,Male
Isaac,ihellingns@yelp.com,Male
Lou,ljellicorsent@nydailynews.com,Male
Rolfe,rsangarnu@theguardian.com,Male
Alasdair,aofeenynv@abc.net.au,Male
Marney,mmeredithnw@mediafire.com,Female
Stanislas,ssehorschnx@cyberchimps.com,Male
Madeleine,mhazeleyny@weather.com,Female
Fawne,frathbornenz@xinhuanet.com,Female
Isa,istarsmeareo0@arizona.edu,Male
Mal,mpristnoro1@toplist.cz,Male
Goldarina,gjannascho2@cbsnews.com,Female
Murdoch,mrainbowo3@mashable.com,Male
Rex,rbradnockeo4@addtoany.com,Male
Juana,jgellibrando5@amazon.com,Female
Toni,tferrierio6@nsw.gov.au,Female
Courtnay,ccookleyo7@tiny.cc,Male
Dredi,dderringtono8@arizona.edu,Female
Tailor,tbaudyo9@wsj.com,Male
Christina,cjuggingoa@reddit.com,Female
Maryanne,mliversageob@dailymotion.com,Female
Sherman,savramovichoc@rakuten.co.jp,Male
Griselda,gchimentiod@nationalgeographic.com,Female
Raddy,ralywenoe@squarespace.com,Male
Paulette,pknellerof@thetimes.co.uk,Female
Abbey,amelvinog@yale.edu,Male
Hart,hkeneroh@abc.net.au,Male
Barbara,bgrahlmansoi@unblog.fr,Female
Torin,tvanesoj@livejournal.com,Male
Nikolai,njordesonok@wordpress.com,Male
Glori,goakenfullol@miibeian.gov.cn,Female
Sandy,sducarneom@tamu.edu,Male
Kamillah,kspooron@rambler.ru,Female
Aurelie,arobionoo@tiny.cc,Female
Martelle,mweinbergop@rakuten.co.jp,Female
Burg,bbofieldoq@instagram.com,Male
Domenico,dbugdellor@theglobeandmail.com,Male
Codie,clehrahanos@buzzfeed.com,Female
Joana,jsullyot@imageshack.us,Female
Aggy,akettlestringou@soup.io,Female
Dena,dfirbyov@earthlink.net,Female
Alric,asireow@hhs.gov,Male
Erek,ehillhouseox@newsvine.com,Male
Garnet,gharsoy@tiny.cc,Female
Jarrad,jbedburyoz@nba.com,Male
Claudio,cwickendenp0@nymag.com,Male
Jammie,jbrehaultp1@dailymotion.com,Female
Howey,hbestmanp2@discovery.com,Male
Krispin,kkorpolakp3@xing.com,Male
Steffen,schallicump4@dell.com,Male
Lin,lpiggotp5@huffingtonpost.com,Male
Tamarah,tmaccorkellp6@buzzfeed.com,Female
Valdemar,vpriverp7@angelfire.com,Male
Norby,nepinayp8@google.es,Male
Delano,dharbinsonp9@ameblo.jp,Male
Conant,calentyevpa@census.gov,Male
Pia,pwhinespb@hostgator.com,Female
Quintilla,qhousbiepc@vistaprint.com,Female
Rodrick,rrevettpd@google.com.hk,Male
Andra,atunsleype@ftc.gov,Female
Maryjo,mclubbpf@ebay.com,Female
Yvonne,ylutonpg@marriott.com,Female
Bibby,blorrawayph@hexun.com,Female
Filide,fgiovanazzipi@simplemachines.org,Female
Garrot,gcourtpj@domainmarket.com,Male
Krista,kchadwellpk@storify.com,Female
Dillon,dhabbonpl@constantcontact.com,Male
Ofilia,oboughtwoodpm@marriott.com,Female
Jilly,jcanteropn@arstechnica.com,Female
Trevor,tmedlinpo@1688.com,Male
Salvador,sambrodipp@webnode.com,Male
Gard,ghatchpq@so-net.ne.jp,Male
Gabey,gkitcattpr@google.ru,Female
Ashton,astatonps@jugem.jp,Male
Therese,tboakpt@networkadvertising.org,Female
Remington,rboyfordpu@weebly.com,Male
Welsh,wcisarpv@economist.com,Male
Hanny,hgimbartpw@usatoday.com,Female
Harli,htolomiopx@adobe.com,Female
Matthus,mtailbypy@nasa.gov,Male
Annabell,acumberlandpz@google.com.au,Female
Conni,cjaquetq0@nsw.gov.au,Female
Mirabella,mpetraccoq1@chicagotribune.com,Female
Donia,dkolakq2@elegantthemes.com,Female
Garrek,gtockq3@joomla.org,Male
Ilysa,ivolkq4@umich.edu,Female
Brandie,blefeuvreq5@walmart.com,Female
Kimmie,kraynorq6@ox.ac.uk,Female
Lewie,lbaxterq7@ucsd.edu,Male
Martha,mblackallerq8@typepad.com,Female
Rutter,rzavattieroq9@theatlantic.com,Male
Darcy,dshawdforthqa@ebay.co.uk,Male
Hymie,hgerberqb@jugem.jp,Male
Bev,bvanderstraatenqc@mac.com,Female
Anett,aharrymanqd@slideshare.net,Female
Marie,mstenningqe@ehow.com,Female
Gar,gfowlstonqf@state.gov,Male
Martyn,mgoulstonqg@gov.uk,Male
Donall,dotoweyqh@vimeo.com,Male
Venita,vjendrickeqi@blogtalkradio.com,Female
Leann,landorqj@nymag.com,Female
Corrine,cgasonqk@sitemeter.com,Female
Lurlene,lgogginsql@amazon.co.uk,Female
Georgeanna,gaitkenqm@spotify.com,Female
Rosabella,rcalteraqn@mapquest.com,Female
Giorgio,gsperlingqo@aboutads.info,Male
Glenn,gedmonstoneqp@apple.com,Male
Sidonnie,scroleyqq@mtv.com,Female
Margaretha,mbockmanqr@loc.gov,Female
Jocelin,jemeneyqs@hud.gov,Female
Demetris,dfokerqt@facebook.com,Male
Brenn,brawcliffequ@newyorker.com,Female
Dulcine,dravilusqv@telegraph.co.uk,Female
Laetitia,ldrejerqw@1688.com,Female
Tammy,tvictoriaqx@newyorker.com,Male
Conrad,crobersqy@house.gov,Male
Dewey,ddysartqz@linkedin.com,Male
Haywood,htattershallr0@samsung.com,Male
Killie,kcostyr1@so-net.ne.jp,Male
Teodor,tburder2@studiopress.com,Male
Madelyn,mgooldingr3@mlb.com,Female
Elyn,emorduer4@cam.ac.uk,Female
Brana,bthomessonr5@webmd.com,Female
Ignacius,imesserr6@imageshack.us,Male
Jacquelynn,jpionterr7@dmoz.org,Female
Sumner,spickavancer8@trellian.com,Male
Faber,fgobertr9@booking.com,Male
Vina,vbertheletra@youtube.com,Female
Hunfredo,hgamblerb@google.com,Male
Cristionna,cembureyrc@loc.gov,Female
Margareta,mmapstonrd@state.gov,Female
Jasper,jpeerre@ocn.ne.jp,Male
Ike,icrommettrf@telegraph.co.uk,Male
Sharona,smallenrg@utexas.edu,Female
Davidde,djacobowiczrh@mit.edu,Male
Rosabelle,rhambyri@prnewswire.com,Female
Abbe,acarriagerj@lulu.com,Female
Brew,bdrancerk@sogou.com,Male
Hoebart,hvannucciniirl@dropbox.com,Male
Cathie,cgreenshieldsrm@xrea.com,Female
Guillaume,glyttlern@goodreads.com,Male
Zolly,zfrostdickro@trellian.com,Male
Corbett,csmalecomberp@cbsnews.com,Male
Neal,ncatherickrq@cdbaby.com,Male
Ernie,ekhomichrr@tmall.com,Male
